{"Task 0 Epoch Loss": 1.1998076292648985, "Task 0 Epoch Accuracy": 0.4352482960077897, "Task 0 Epoch F1 Score": 0.30722450483390307, "_timestamp": 1717426362.229297, "_runtime": 1175.4819328784943, "_step": 1, "Task 1 Epoch Loss": 2.2070963029144477, "Task 1 Epoch Accuracy": 0.20494335736354274, "Task 1 Epoch F1 Score": 0.14157989573772078}