{"Task 0 Epoch Loss": 1.0486504952112834, "Task 0 Epoch Accuracy": 0.42083333333333334, "Task 0 Epoch F1 Score": 0.30551285659644795, "_timestamp": 1717863717.6915445, "_runtime": 22455.27218556404, "_step": 134, "Task 1 Epoch Loss": 2.057564805765621, "Task 1 Epoch Accuracy": 0.15737704918032788, "Task 1 Epoch F1 Score": 0.06427816885516245, "Task 2 Epoch Loss": 0.517201009873421, "Task 2 Epoch Accuracy": 0.7935483870967742, "Task 2 Epoch F1 Score": 0.44244604316546765, "Task 3 Epoch Loss": 0.5467350886972159, "Task 3 Epoch Accuracy": 0.7684563758389261, "Task 3 Epoch F1 Score": 0.43453510436432635, "Task 4 Epoch Loss": 1.0880831880165158, "Task 4 Epoch Accuracy": 0.6688279301745635, "Task 4 Epoch F1 Score": 0.11450772777730338, "Task 5 Epoch Loss": 0.6186639895805945, "Task 5 Epoch Accuracy": 0.6362179487179487, "Task 5 Epoch F1 Score": 0.4305630932136956, "Task 6 Epoch Loss": 1.4224495085593867, "Task 6 Epoch Accuracy": 0.47617655656240865, "Task 6 Epoch F1 Score": 0.3794187749091964, "Global Epoch Loss": 1.1246082301491784, "Global Epoch Accuracy": 0.5755228781497609, "Global Epoch F1 Score": 0.394250789303022, "Validation Loss": 1.1648780895843192, "Validation Accuracy": 0.5698353690918747, "Validation F1 Score": 0.40656432906338436, "Best Validation Accuracy": 0.5698353690918747, "Global Test Accuracy": 0.5379595098561535, "Global Test F1 Score": 0.23594989789451398}