{"Task 0 Epoch Loss": 1.074306567509969, "Task 0 Epoch Accuracy": 0.3875, "Task 0 Epoch F1 Score": 0.20296400846859564, "_timestamp": 1717762026.8916323, "_runtime": 384.8722434043884, "_step": 4, "Task 1 Epoch Loss": 2.157678791734039, "Task 1 Epoch Accuracy": 0.30491803278688523, "Task 1 Epoch F1 Score": 0.16470037681506933, "Task 2 Epoch Loss": 0.5112309359735058, "Task 2 Epoch Accuracy": 0.7935483870967742, "Task 2 Epoch F1 Score": 0.44244604316546765, "Task 3 Epoch Loss": 0.5390005855752318, "Task 3 Epoch Accuracy": 0.7684563758389261, "Task 3 Epoch F1 Score": 0.43453510436432635, "Global Test Accuracy": 0.5171467764060357, "Global Test F1 Score": 0.23191991474617435, "_wandb": {"runtime": 1010}}