{"Task 0 Epoch Loss": 1.1821259794123797, "Task 0 Epoch Accuracy": 0.4352482960077897, "Task 0 Epoch F1 Score": 0.31423524847577483, "_timestamp": 1717428610.0230315, "_runtime": 1286.8260805606842, "_step": 4, "Task 1 Epoch Loss": 2.1984194945601554, "Task 1 Epoch Accuracy": 0.1822863027806385, "Task 1 Epoch F1 Score": 0.1368700813626617, "Task 2 Epoch Loss": 0.6330662346050941, "Task 2 Epoch Accuracy": 0.7046632124352331, "Task 2 Epoch F1 Score": 0.46839378238341967, "Task 3 Epoch Loss": 0.5815408228824436, "Task 3 Epoch Accuracy": 0.7651515151515151, "Task 3 Epoch F1 Score": 0.453712081880887, "Global Epoch Loss": 1.098680917893984, "Global Epoch Accuracy": 0.5407458563535912, "Global Epoch F1 Score": 0.17472953071802633}