{"Task 0 Epoch Loss": 1.074306567509969, "Task 0 Epoch Accuracy": 0.3875, "Task 0 Epoch F1 Score": 0.20296400846859564, "_timestamp": 1717512513.906019, "_runtime": 15774.576143980026, "_step": 68, "Task 1 Epoch Loss": 2.157678791734039, "Task 1 Epoch Accuracy": 0.30491803278688523, "Task 1 Epoch F1 Score": 0.16470037681506933, "Task 2 Epoch Loss": 0.5112309359735058, "Task 2 Epoch Accuracy": 0.7935483870967742, "Task 2 Epoch F1 Score": 0.44244604316546765, "Task 3 Epoch Loss": 0.5390005855752318, "Task 3 Epoch Accuracy": 0.7684563758389261, "Task 3 Epoch F1 Score": 0.43453510436432635, "Global Epoch Loss": 0.8781754222748249, "Global Epoch Accuracy": 0.5978360957642725, "Global Epoch F1 Score": 0.342904530060087, "Validation Loss": 1.6251461022945237, "Validation Accuracy": 0.4667931688804554, "Validation F1 Score": 0.15301664793854924, "Best Validation Accuracy": 0.5502846299810247, "Global Test Accuracy": 0.5171467764060357, "Global Test F1 Score": 0.19673843098751087}