{"Task 0 Epoch Loss": 1.1254306055438554, "Task 0 Epoch Accuracy": 0.4371957156767283, "Task 0 Epoch F1 Score": 0.3137206472472159, "_timestamp": 1717431295.6813211, "_runtime": 1379.4259431362152, "_step": 4, "Task 1 Epoch Loss": 2.1673528089827783, "Task 1 Epoch Accuracy": 0.21730175077239958, "Task 1 Epoch F1 Score": 0.15777621793301141, "Task 2 Epoch Loss": 0.5892293682267217, "Task 2 Epoch Accuracy": 0.7452504317789291, "Task 2 Epoch F1 Score": 0.42701632855022265, "Task 3 Epoch Loss": 0.5775415291288485, "Task 3 Epoch Accuracy": 0.7651515151515151, "Task 3 Epoch F1 Score": 0.453712081880887, "Global Epoch Loss": 1.0655533504667203, "Global Epoch Accuracy": 0.5598526703499079, "Global Epoch F1 Score": 0.18990875967414136, "_wandb": {"runtime": 1367}}