{"Task 0 Epoch Loss": 0.9809648153171808, "Task 0 Epoch Accuracy": 0.6703296703296703, "Task 0 Epoch F1 Score": 0.18011113972407577, "_timestamp": 1717404607.5760832, "_runtime": 779.2089340686798, "_step": 2, "Task 1 Epoch Loss": 0.4430310734268357, "Task 1 Epoch Accuracy": 0.796304163126593, "Task 1 Epoch F1 Score": 0.6939113055899329, "Task 2 Epoch Loss": 1.1917892829541907, "Task 2 Epoch Accuracy": 0.5739610335312317, "Task 2 Epoch F1 Score": 0.49679400592426143, "_wandb": {"runtime": 328}}