{"Task 0 Epoch Loss": 1.7791154270437302, "Task 0 Epoch Accuracy": 0.2996910401647786, "Task 0 Epoch F1 Score": 0.25228790491734526, "_timestamp": 1717450448.0002646, "_runtime": 5176.060780763626, "_step": 9, "Global Epoch Loss": 1.7791154270437302, "Global Epoch Accuracy": 0.2996910401647786, "Global Epoch F1 Score": 0.25228790491734526}