{"Task 0 Epoch Loss": 0.9850206163865102, "Task 0 Epoch Accuracy": 0.48393378773125606, "Task 0 Epoch F1 Score": 0.37345248474280734, "_timestamp": 1717424488.7550132, "_runtime": 16233.333117246628, "_step": 80, "Task 1 Epoch Loss": 1.462094754932101, "Task 1 Epoch Accuracy": 0.4140061791967044, "Task 1 Epoch F1 Score": 0.38243738299749724, "Task 2 Epoch Loss": 0.5490037311955849, "Task 2 Epoch Accuracy": 0.7547495682210709, "Task 2 Epoch F1 Score": 0.48510771543086173, "Task 3 Epoch Loss": 0.532239700106258, "Task 3 Epoch Accuracy": 0.781986531986532, "Task 3 Epoch F1 Score": 0.43882853094000945, "Task 4 Epoch Loss": 0.8103518339882262, "Task 4 Epoch Accuracy": 0.6961609818752675, "Task 4 Epoch F1 Score": 0.3199985129232434, "Task 5 Epoch Loss": 0.2979509743372059, "Task 5 Epoch Accuracy": 0.8734069668649108, "Task 5 Epoch F1 Score": 0.8303411113690891, "Task 6 Epoch Loss": 0.41686309850258774, "Task 6 Epoch Accuracy": 0.8505727903670876, "Task 6 Epoch F1 Score": 0.8257619948574386, "Global Epoch Loss": 0.5626922531032283, "Global Epoch Accuracy": 0.7803554857591548, "Global Epoch F1 Score": 0.6560753011855579, "Global Test Accuracy": 0.6948588172615876, "Global Test F1 Score": 0.5734743232001395, "_wandb": {"runtime": 14339}}