{"Task 0 Epoch Loss": 0.5568428923619674, "Task 0 Epoch Accuracy": 0.785234899328859, "Task 0 Epoch F1 Score": 0.6272670419011882, "_timestamp": 1717761168.6972992, "_runtime": 8567.70156121254, "_step": 68, "Global Epoch Loss": 0.5128143973623462, "Global Epoch Accuracy": 0.781986531986532, "Global Epoch F1 Score": 0.43882853094000945, "Validation Loss": 0.5148723806653704, "Validation Accuracy": 0.7755102040816326, "Validation F1 Score": 0.4367816091954023, "Best Validation Accuracy": 0.8061224489795918, "Global Test Accuracy": 0.785234899328859, "Global Test F1 Score": 0.6272670419011882, "_wandb": {"runtime": 8873}}