{"Task 0 Epoch Loss": 1.1372492550019908, "Task 0 Epoch Accuracy": 0.6628428927680798, "Task 0 Epoch F1 Score": 0.18928567510797883, "_timestamp": 1717765078.497475, "_runtime": 1259.2033288478851, "_step": 57, "Task 1 Epoch Loss": 0.6932751903167138, "Task 1 Epoch Accuracy": 0.7163461538461539, "Task 1 Epoch F1 Score": 0.6176775001990398, "Task 2 Epoch Loss": 0.38642494922770076, "Task 2 Epoch Accuracy": 0.8614440222157264, "Task 2 Epoch F1 Score": 0.8394023267625066, "Global Epoch Loss": 0.5900244895496903, "Global Epoch Accuracy": 0.7792092591028132, "Global Epoch F1 Score": 0.7342175440303038, "Validation Loss": 1.2696616389788975, "Validation Accuracy": 0.6258104353195431, "Validation F1 Score": 0.632144724960795, "Best Validation Accuracy": 0.7996295152824946, "Global Test Accuracy": 0.7806611570247934, "Global Test F1 Score": 0.600011984382839, "_wandb": {"runtime": 2044}}