{"Task 0 Epoch Loss": 0.39941135278114903, "Task 0 Epoch Accuracy": 0.8461538461538461, "Task 0 Epoch F1 Score": 0.8289297830780302, "_timestamp": 1717750315.0442586, "_runtime": 251.4765326976776, "_step": 36, "Global Epoch Loss": 0.23843231520195354, "Global Epoch Accuracy": 0.8986830926083262, "Global Epoch F1 Score": 0.8662269189170063, "Validation Loss": 0.2973132155665005, "Validation Accuracy": 0.8816793893129771, "Validation F1 Score": 0.8192218660968661, "Best Validation Accuracy": 0.9026717557251909, "Global Test Accuracy": 0.8461538461538461, "Global Test F1 Score": 0.8289297830780302, "_wandb": {"runtime": 582}}