{"Task 0 Epoch Loss": 1.0763626145534828, "Task 0 Epoch Accuracy": 0.5295081967213114, "Task 0 Epoch F1 Score": 0.48292558616560277, "_timestamp": 1717496123.1231422, "_runtime": 6896.585987329483, "_step": 40, "Global Epoch Loss": 1.0800801330197116, "Global Epoch Accuracy": 0.5128733264675592, "Global Epoch F1 Score": 0.5042077598635676, "Validation Loss": 0.9801479333676166, "Validation Accuracy": 0.5714285714285714, "Validation F1 Score": 0.5050049207163245, "Best Validation Accuracy": 0.5714285714285714, "Global Test Accuracy": 0.5295081967213114, "Global Test F1 Score": 0.48292558616560277, "_wandb": {"runtime": 4372}}