{"Task 0 Epoch Loss": 0.7573722395219114, "Task 0 Epoch Accuracy": 0.7117206982543641, "Task 0 Epoch F1 Score": 0.37061070480439023, "_timestamp": 1717747902.7230392, "_runtime": 393.61190915107727, "_step": 37, "Global Epoch Loss": 0.7861644136117973, "Global Epoch Accuracy": 0.7051519908662766, "Global Epoch F1 Score": 0.3348875832089826, "Validation Loss": 0.8567745109141646, "Validation Accuracy": 0.6650049850448654, "Validation F1 Score": 0.3311102639299631, "Best Validation Accuracy": 0.7188434695912264, "Global Test Accuracy": 0.7117206982543641, "Global Test F1 Score": 0.37061070480439023, "_wandb": {"runtime": 383}}