{"Task 0 Epoch Loss": 1.2025799939904032, "Task 0 Epoch Accuracy": 0.4060370009737098, "Task 0 Epoch F1 Score": 0.3320898649938187, "_timestamp": 1717427070.095663, "_runtime": 284.1749851703644, "_step": 0}