{"Task 0 Epoch Loss": 0.9681150116381882, "Task 0 Epoch Accuracy": 0.4673807205452775, "Task 0 Epoch F1 Score": 0.3737512763682658, "_timestamp": 1717439329.2368562, "_runtime": 7200.374695301056, "_step": 35, "Global Epoch Loss": 0.9681150116381882, "Global Epoch Accuracy": 0.4673807205452775, "Global Epoch F1 Score": 0.3737512763682658, "Validation Loss": 1.0115200153832298, "Validation Accuracy": 0.46601941747572817, "Validation F1 Score": 0.36117073495399254, "Best Validation Accuracy": 0.5145631067961165, "Global Test Accuracy": 0.5083333333333333, "Global Test F1 Score": 0.45152164704321246, "_wandb": {"runtime": 7274}}