{"Task 0 Epoch Loss": 1.025273695196358, "Task 0 Epoch Accuracy": 0.4527750730282376, "Task 0 Epoch F1 Score": 0.2744271277131836, "_timestamp": 1717780122.7462666, "_runtime": 14243.378851652145, "_step": 86, "Task 1 Epoch Loss": 2.0622064098639052, "Task 1 Epoch Accuracy": 0.1956745623069001, "Task 1 Epoch F1 Score": 0.11069973990613571, "Task 2 Epoch Loss": 0.5643403890939986, "Task 2 Epoch Accuracy": 0.7452504317789291, "Task 2 Epoch F1 Score": 0.4399275993173088, "Task 3 Epoch Loss": 0.5298793030909015, "Task 3 Epoch Accuracy": 0.781986531986532, "Task 3 Epoch F1 Score": 0.43882853094000945, "Task 4 Epoch Loss": 1.0319880325545492, "Task 4 Epoch Accuracy": 0.6721849578992436, "Task 4 Epoch F1 Score": 0.1555734956404964, "Task 5 Epoch Loss": 0.5720583349846132, "Task 5 Epoch Accuracy": 0.7417162276975361, "Task 5 Epoch F1 Score": 0.42585365853658536, "Task 6 Epoch Loss": 1.6464854250166345, "Task 6 Epoch Accuracy": 0.3657496446191153, "Task 6 Epoch F1 Score": 0.26815737666706885, "Global Epoch Loss": 1.215954320030725, "Global Epoch Accuracy": 0.534906131772432, "Global Epoch F1 Score": 0.3434790685107099, "Validation Loss": 1.269180964898126, "Validation Accuracy": 0.4761019649495486, "Validation F1 Score": 0.2958300867658199, "Best Validation Accuracy": 0.5724907063197026, "_wandb": {"runtime": 14556}}