{"Task 0 Epoch Loss": 2.2422797419629554, "Task 0 Epoch Accuracy": 0.21421215242018538, "Task 0 Epoch F1 Score": 0.13896707493428836, "_timestamp": 1717439710.7757804, "_runtime": 291.6891405582428, "_step": 1, "Global Epoch Loss": 2.2422797419629554, "Global Epoch Accuracy": 0.21421215242018538, "Global Epoch F1 Score": 0.13896707493428836}