{"Task 0 Epoch Loss": 0.5494363992788631, "Task 0 Epoch Accuracy": 0.7461139896373057, "Task 0 Epoch F1 Score": 0.4495201014125317, "_timestamp": 1717445092.8654766, "_runtime": 4007.840566635132, "_step": 31, "Global Epoch Loss": 0.5494363992788631, "Global Epoch Accuracy": 0.7461139896373057, "Global Epoch F1 Score": 0.4495201014125317, "Validation Loss": 0.6362874991966017, "Validation Accuracy": 0.7454545454545455, "Validation F1 Score": 0.4270833333333333, "Best Validation Accuracy": 0.7454545454545455, "Global Test Accuracy": 0.7935483870967742, "Global Test F1 Score": 0.44244604316546765, "_wandb": {"runtime": 4173}}