{"Task 0 Epoch Loss": 1.011970539887746, "Task 0 Epoch Accuracy": 0.44166666666666665, "Task 0 Epoch F1 Score": 0.3257150948739734, "_timestamp": 1717763078.50316, "_runtime": 414.63996601104736, "_step": 7, "Task 1 Epoch Loss": 1.8420121544697245, "Task 1 Epoch Accuracy": 0.3114754098360656, "Task 1 Epoch F1 Score": 0.199708812264791, "Task 2 Epoch Loss": 0.5678595650580621, "Task 2 Epoch Accuracy": 0.7935483870967742, "Task 2 Epoch F1 Score": 0.44244604316546765, "Task 3 Epoch Loss": 0.5352231236112198, "Task 3 Epoch Accuracy": 0.7684563758389261, "Task 3 Epoch F1 Score": 0.43453510436432635, "Task 4 Epoch Loss": 1.3972402271784452, "Task 4 Epoch Accuracy": 0.4837905236907731, "Task 4 Epoch F1 Score": 0.19204318969513778, "Task 5 Epoch Loss": 0.4984881572234325, "Task 5 Epoch Accuracy": 0.8221153846153846, "Task 5 Epoch F1 Score": 0.8019755557143877, "Task 6 Epoch Loss": 0.35992766394492515, "Task 6 Epoch Accuracy": 0.8661210172464192, "Task 6 Epoch F1 Score": 0.8440016519641176, "Global Test Accuracy": 0.6948588172615876, "Global Test F1 Score": 0.4247066717511932, "_wandb": {"runtime": 401}}