{"Task 0 Epoch Loss": 0.28708117988610676, "Task 0 Epoch Accuracy": 0.904121601870798, "Task 0 Epoch F1 Score": 0.8880251938764123, "_timestamp": 1717751299.9010925, "_runtime": 643.9887366294861, "_step": 36, "Global Epoch Loss": 0.3859371821814949, "Global Epoch Accuracy": 0.8617777406137637, "Global Epoch F1 Score": 0.8401249645887223, "Validation Loss": 0.3479933344593672, "Validation Accuracy": 0.884929906542056, "Validation F1 Score": 0.8628185130190354, "Best Validation Accuracy": 0.9042056074766355, "Global Test Accuracy": 0.904121601870798, "Global Test F1 Score": 0.8880251938764123, "_wandb": {"runtime": 644}}